"Key","Where","English","Spanish","Correction (leave empty if the Spanish is right)"
"optimal.pageTitle","optimal.html","Monte Carlo Portfolio Optimizer","Optimizador de cartera Monte Carlo",""
"optimal.heading","optimal.html","Monte Carlo Portfolio Optimizer","Optimizador de cartera Monte Carlo",""
"menu.scenarioRunner","optimal.html","Scenario runner","Simulador de escenarios",""
"menu.modelInfo","optimal.html","Model Info","Información del modelo",""
"optimal.intro","optimal.html","How much can you spend each month and still have the money last in 80&ndash;85% of simulated markets &mdash; and when should you start Social Security? Spending is shown per month in today's dollars, inflated each year; balances are as of your retirement date.","¿Cuánto puede gastar cada mes y que el dinero aun así alcance en el 80&ndash;85% de los mercados simulados? ¿Y cuándo debería empezar a cobrar el Seguro Social? El gasto se muestra por mes en dólares de hoy y se ajusta por la inflación cada año; los saldos son a la fecha de su jubilación.",""
"form.scenario","optimal.html","Scenario","Escenario",""
"form.retireOn","optimal.html","Retire On Date","Fecha de jubilación",""
"form.yearsLast","optimal.html","Years money lasts","Años que debe durar el dinero",""
"form.birthdate","optimal.html","Birthdate","Fecha de nacimiento",""
"optimal.ssLegend","optimal.html","Social Security (monthly, today's $)","Seguro Social (mensual, $ de hoy)",""
"optimal.atAge62","optimal.html","At age 62","A los 62 años",""
"optimal.atAge67","optimal.html","At age 67","A los 67 años",""
"optimal.atAge70","optimal.html","At age 70","A los 70 años",""
"form.standardDeduction","optimal.html","Standard Ded. (Annual)","Deducción estándar (anual)",""
"form.taxDeferred","optimal.html","Tax Deferred Accts","Cuentas con impuestos diferidos",""
"form.balance","optimal.html","Balance","Saldo",""
"form.allowRoth","optimal.html","Allow Roth conversions","Permitir conversiones a Roth",""
"form.roth","optimal.html","Roth Accts","Cuentas Roth",""
"form.basis","optimal.html","Basis","Base de costo",""
"form.unrealizedGains","optimal.html","Unrealized Gains","Ganancias no realizadas",""
"form.brokerage","optimal.html","Brokerage Accts","Cuentas de corretaje",""
"form.inheritance","optimal.html","Inheritance","Herencia",""
"form.newMoney","optimal.html","New Money","Dinero nuevo",""
"optimal.whenYears","optimal.html","When (years after retiring)","Cuándo (años después de jubilarse)",""
"optimal.markets","optimal.html","Simulated markets","Mercados simulados",""
"optimal.paths500","optimal.html","500 &mdash; most precise","500 &mdash; el más preciso",""
"optimal.paths167","optimal.html","167 &mdash; fastest","167 &mdash; el más rápido",""
"optimal.pathsHint","optimal.html","Fewer markets finish sooner but pin the 80&ndash;85% band less precisely.","Con menos mercados el cálculo termina antes, pero la franja del 80&ndash;85% se estima con menos precisión.",""
"optimal.submit","optimal.html","Find optimal","Calcular lo óptimo",""
"menu.label","optimal.html","Menu","Menú",""
"runner.pageTitle","index.html","Eric's retirement","Simulador de escenarios",""
"runner.heading","index.html","Eric's retirement","Simulador de escenarios",""
"flyout.title","index.html","Ask AI for Change.","Pedir un cambio a la IA.",""
"flyout.summary","index.html","Summary","Resumen",""
"flyout.description","index.html","Description","Descripción",""
"flyout.passphrase","index.html","Passphrase","Frase de acceso",""
"common.cancel","index.html","Cancel","Cancelar",""
"common.submit","index.html","Submit","Enviar",""
"runner.investmentScenario","index.html","Investment Scenario","Escenario de inversión",""
"runner.loadingScenarios","index.html","Loading scenarios&hellip;","Cargando escenarios&hellip;",""
"runner.yourInputs","index.html","Your inputs","Sus datos",""
"runner.iterations","index.html","Iterations / Runs (99 max)","Iteraciones / simulaciones (máx. 99)",""
"runner.monthlyWithdrawal","index.html","Monthly Withdrawal","Retiro mensual",""
"runner.govt","index.html","Gov't","Gobierno",""
"runner.initialSs","index.html","Initial SS (monthly)","Seguro Social inicial (mensual)",""
"runner.ssStart","index.html","Social Security Start","Inicio del Seguro Social",""
"runner.whenYears","index.html","When (years from now)","Cuándo (años a partir de ahora)",""
"runner.submit","index.html","Run","Simular",""
"nav.backHome","index.html","Back to home","Volver al inicio",""
"flyout.toggleLabel","index.html","Change request","Solicitud de cambio",""
"common.close","index.html","Close","Cerrar",""
"flyout.summaryPlaceholder","index.html","Change the H1 and Title","Cambiar el H1 y el título",""
"flyout.descriptionPlaceholder","index.html","Enter new page title.","Escriba el nuevo título de la página.",""
"runner.retireOnTitle","index.html","Withdrawals begin on this date. Enter account balances as you expect them on this date; dollar amounts are in today's dollars.","Los retiros empiezan en esta fecha. Ingrese los saldos de las cuentas como espera que estén en esta fecha; los montos en dólares son en dólares de hoy.",""
"runner.yearsTitle","index.html","Counted from the Retire On Date.","Contados desde la fecha de jubilación.",""
"runner.withdrawalTitle","index.html","Monthly spending in today's dollars.","Gasto mensual en dólares de hoy.",""
"runner.ssTitle","index.html","Monthly benefit in today's dollars (as on your SSA statement).","Beneficio mensual en dólares de hoy (como aparece en su estado de cuenta de la SSA).",""
"runner.ssStartTitle","index.html","Date of your first payment; between ages 62 and 70. Defaults to your 62nd birthday.","Fecha de su primer pago; entre los 62 y los 70 años. De forma predeterminada, su cumpleaños número 62.",""
"common.fixErrors","shared","Please fix the following:","Corrija lo siguiente:",""
"common.requestFailedWith","shared","Request failed: {message}","La solicitud falló: {message}",""
"common.somethingWrong","shared","Something went wrong. Please try again.","Algo salió mal. Inténtelo de nuevo.",""
"common.why","shared","why","por qué",""
"order.TaxOptimized","shared","Tax-optimized","optimizado para impuestos",""
"order.ProRata","shared","Pro-rata","proporcional",""
"target.short.None","shared","No conversions","Sin conversiones",""
"target.short.Bracket12","shared","12% bracket","Tramo del 12%",""
"target.short.Bracket22","shared","Top of 22%","Tope del 22%",""
"target.short.Bracket24","shared","Top of 24%","Tope del 24%",""
"target.phrase.None","shared","no Roth conversions","sin conversiones a Roth",""
"target.phrase.Bracket12","shared","Roth conversions filling the 12% bracket","conversiones a Roth que llenan el tramo del 12%",""
"target.phrase.Bracket22","shared","Roth conversions up to the top of the 22% bracket","conversiones a Roth hasta el tope del tramo del 22%",""
"target.phrase.Bracket24","shared","Roth conversions up to the top of the 24% bracket","conversiones a Roth hasta el tope del tramo del 24%",""
"funding.Brokerage","shared","paid by selling Brokerage","pagado vendiendo inversiones de corretaje",""
"funding.FromConversion","shared","paid out of the converted amount","pagado con el monto convertido",""
"funding.BrokerageThenConversion","shared","paid by selling Brokerage, then out of the converted amount","pagado vendiendo inversiones de corretaje y luego con el monto convertido",""
"funding.BridgeAware","shared","paid by selling Brokerage (keeping what's needed before 59½), then out of the converted amount","pagado vendiendo inversiones de corretaje (conservando lo necesario antes de los 59½) y luego con el monto convertido",""
"scenario.1.description","shared","Use the last 54 years of 10 year govt bonds","Usar los últimos 54 años de bonos del gobierno a 10 años",""
"scenario.1.menuLabel","shared","10 year gov bonds - 5.8% return w/std. 2.95%","Bonos del gobierno a 10 años: rendimiento del 5.8% con desv. est. del 2.95%",""
"scenario.2.description","shared","Use the last 95 years of S&P returns","Usar los últimos 95 años de rendimientos del S&P",""
"scenario.2.menuLabel","shared","Last 95 years of S&P - 8.07% return w/ std. 19.15%","Últimos 95 años del S&P: rendimiento del 8.07% con desv. est. del 19.15%",""
"scenario.3.description","shared","Use the last 30 years of S&P returns","Usar los últimos 30 años de rendimientos del S&P",""
"scenario.3.menuLabel","shared","Last 30 years of S&P - 10.07% return w/ std 16.8%","Últimos 30 años del S&P: rendimiento del 10.07% con desv. est. del 16.8%",""
"scenario.4.description","shared","Use the current 10 year bond yield","Usar el rendimiento actual de los bonos a 10 años",""
"scenario.4.menuLabel","shared","Current 10 year bond yield - 4.43% return w/ std 0.1%","Rendimiento actual de los bonos a 10 años: 4.43% con desv. est. del 0.1%",""
"optimal.table.startAt","optimal.js (landing page results)","Start SS at","Inicio del SS a los",""
"optimal.table.firstPayment","optimal.js (landing page results)","First payment","Primer pago",""
"optimal.table.monthlyBenefit","optimal.js (landing page results)","Monthly benefit","Beneficio mensual",""
"optimal.table.totalSs","optimal.js (landing page results)","Total SS collected","Total del SS cobrado",""
"optimal.table.spend85","optimal.js (landing page results)","Spend/mo @ 85%","Gasto/mes al 85%",""
"optimal.table.spend825","optimal.js (landing page results)","@ 82.5%","Al 82.5%",""
"optimal.table.spend80","optimal.js (landing page results)","@ 80%","Al 80%",""
"optimal.table.order","optimal.js (landing page results)","Order","Orden",""
"optimal.table.convertsTo","optimal.js (landing page results)","Converts to","Convierte hasta",""
"optimal.bandNote","optimal.js (landing page results)","This scenario has so little volatility that nearly every simulated market behaves the same way &mdash; survival jumps from almost all to almost none within a few hundred dollars, so it can't be tuned into the 80&ndash;85% band.","Este escenario tiene tan poca volatilidad que casi todos los mercados simulados se comportan igual &mdash; la supervivencia pasa de casi todos a casi ninguno en unos pocos cientos de dólares, así que no se puede ajustar a la franja del 80&ndash;85%.",""
"optimal.spendAbout","optimal.js (landing page results)","Spend about <strong>{amount}/month</strong> (between {at85} at 85% survival and {at80} at 80%).","Gaste unos <strong>{amount}/mes</strong> (entre {at85} con 85% de supervivencia y {at80} con 80%).",""
"optimal.startSs","optimal.js (landing page results)","Start Social Security at <strong>{age}</strong> ({date}), about {benefit}/month in today's dollars &mdash; <strong>{total}</strong> collected in total over your retirement.","Empiece a cobrar el Seguro Social a los <strong>{age}</strong> años ({date}), unos {benefit}/mes en dólares de hoy &mdash; <strong>{total}</strong> cobrados en total durante su jubilación.",""
"optimal.survival","optimal.js (landing page results)","At {amount}/month, {rate} of the simulated markets last the full period.","Con {amount}/mes, el dinero alcanza todo el período en el {rate} de los mercados simulados.",""
"optimal.accounts","optimal.js (landing page results)","Accounts drawn in the {order} order, with {conversions} &mdash; the best combination for these inputs, chosen by the app","Las cuentas se usan en el orden {order}, con {conversions} &mdash; la mejor combinación para estos datos, elegida por la aplicación",""
"optimal.runInScenarioRunner","optimal.js (landing page results)","Run in Scenario runner","Probar en el simulador de escenarios",""
"optimal.compareAges","optimal.js (landing page results)","Compare Social Security start ages","Comparar edades de inicio del Seguro Social",""
"optimal.benefitCurve","optimal.js (landing page results)","Monthly Social Security benefit by start age (estimated from your three amounts)","Beneficio mensual del Seguro Social según la edad de inicio (estimado a partir de sus tres montos)",""
"optimal.progress","optimal.js (landing page results)","Calculating&hellip; {completed} of {total} Social Security start ages checked.","Calculando&hellip; {completed} de {total} edades de inicio del Seguro Social revisadas.",""
"optimal.calculating","optimal.js (landing page results)","Calculating&hellip;","Calculando&hellip;",""
"optimal.basedOn","optimal.js (landing page results)","Based on {paths} simulated market paths per investment scenario. ""Survival"" means the money lasts the full ""Years money lasts"".","Basado en {paths} trayectorias de mercado simuladas por escenario de inversión. ""Supervivencia"" significa que el dinero alcanza para todos los ""Años que debe durar el dinero"".",""
"optimal.notCalculated","optimal.js (landing page results)","Not calculated.","No se calculó.",""
"optimal.streamStopped","optimal.js (landing page results)","The calculation stopped before it finished. Please try again.","El cálculo se detuvo antes de terminar. Inténtelo de nuevo.",""
"optimal.handoffFailed","optimal.js (landing page results)","Couldn't pass the values to the Scenario runner in this browser.","No se pudieron pasar los valores al simulador de escenarios en este navegador.",""
"runner.scenariosFailed","app.js (Scenario runner)","Failed to load scenarios.","No se pudieron cargar los escenarios.",""
"runner.totalRoth","app.js (Scenario runner)","Total Roth = {amount}","Total Roth = {amount}",""
"runner.totalBrokerage","app.js (Scenario runner)","Total Brokerage = {amount}","Total de corretaje = {amount}",""
"runner.totalMoney","app.js (Scenario runner)","Total money = {amount}","Total de dinero = {amount}",""
"runner.partial","app.js (Scenario runner)","partial: {months} mo","parcial: {months} meses",""
"runner.yearAge","app.js (Scenario runner)","{year} ({age}yrs)","{year} ({age} años)",""
"runner.money.total","app.js (Scenario runner)","Total: {amount}","Total: {amount}",""
"runner.money.taxable","app.js (Scenario runner)","Taxable: {amount}","Con impuestos diferidos: {amount}",""
"runner.money.ofBalance","app.js (Scenario runner)","({pct} of balance)","({pct} del saldo)",""
"runner.money.brokerage","app.js (Scenario runner)","Brokerage: {amount}","Corretaje: {amount}",""
"runner.money.gainsBasis","app.js (Scenario runner)","({gains} gains, {basis} basis)","({gains} de ganancias, {basis} de base)",""
"runner.money.roth","app.js (Scenario runner)","Roth: {amount}","Roth: {amount}",""
"runner.money.socialSecurity","app.js (Scenario runner)","Social Security: {amount} ({detail})","Seguro Social: {amount} ({detail})",""
"runner.money.ssMonthsTax","app.js (Scenario runner)","{months} mo, {tax} tax","{months} meses, {tax} de impuestos",""
"runner.money.ssTax","app.js (Scenario runner)","{tax} tax","{tax} de impuestos",""
"runner.note.aria","app.js (Scenario runner)","Note {number}","Nota {number}",""
"runner.note.zeroRate","app.js (Scenario runner)","Brokerage sales this year realized <strong>{gains}</strong> of gains, filling the 0% capital gains band. Each additional dollar of taxable income (a Tax Deferred withdrawal or Roth conversion) would move a dollar of these gains to the 15% rate{ending}.","Las ventas de corretaje de este año realizaron <strong>{gains}</strong> de ganancias, llenando la franja del 0% de ganancias de capital. Cada dólar adicional de ingreso gravable (un retiro con impuestos diferidos o una conversión a Roth) pasaría un dólar de estas ganancias a la tasa del 15%{ending}.",""
"runner.note.zeroRate.conversionStopped","app.js (Scenario runner)",", so the Roth conversion stopped at <strong>{amount}</strong>",", por eso la conversión a Roth se detuvo en <strong>{amount}</strong>",""
"runner.note.zeroRate.noConversion","app.js (Scenario runner)",", so no Roth conversion was made this year",", por eso no se hizo una conversión a Roth este año",""
"runner.note.taxDeferred","app.js (Scenario runner)","<strong>{amount}</strong> on the Tax Deferred withdrawal, withheld from it","<strong>{amount}</strong> sobre el retiro con impuestos diferidos, retenidos del mismo",""
"runner.note.socialSecurity","app.js (Scenario runner)","<strong>{amount}</strong> on Social Security, paid out of the benefit","<strong>{amount}</strong> sobre el Seguro Social, pagados del beneficio",""
"runner.note.conversionSplit","app.js (Scenario runner)","<strong>{total}</strong> on the Roth conversion: <strong>{brokerage}</strong> by selling Brokerage, <strong>{conversion}</strong> out of the converted amount","<strong>{total}</strong> sobre la conversión a Roth: <strong>{brokerage}</strong> vendiendo inversiones de corretaje, <strong>{conversion}</strong> del monto convertido",""
"runner.note.conversionFromBrokerage","app.js (Scenario runner)","<strong>{total}</strong> on the Roth conversion, paid by selling Brokerage","<strong>{total}</strong> sobre la conversión a Roth, pagados vendiendo inversiones de corretaje",""
"runner.note.conversionFromConversion","app.js (Scenario runner)","<strong>{total}</strong> on the Roth conversion, paid out of the converted amount","<strong>{total}</strong> sobre la conversión a Roth, pagados del monto convertido",""
"runner.note.whoPaid","app.js (Scenario runner)","Who paid this year's <strong>{amount}</strong> of ordinary income tax:","Quién pagó los <strong>{amount}</strong> de impuesto sobre el ingreso ordinario de este año:",""
"runner.tax.capGains","app.js (Scenario runner)","{amount} cap gains paid ({rate} LTCG bracket)","{amount} de impuesto sobre ganancias de capital (tramo LTCG del {rate})",""
"runner.tax.ordinary","app.js (Scenario runner)","{amount} ord tax paid ({rate} bracket)","{amount} de impuesto ordinario (tramo del {rate})",""
"runner.tax.untilNext","app.js (Scenario runner)","{amount} until {rate} bracket","{amount} hasta el tramo del {rate}",""
"runner.tax.topBracket","app.js (Scenario runner)","Already in top ordinary tax bracket","Ya en el tramo más alto del impuesto ordinario",""
"runner.tax.harvested","app.js (Scenario runner)","{amount} gains harvested at 0%","{amount} de ganancias cosechadas al 0%",""
"runner.tax.converted","app.js (Scenario runner)","{amount} converted to Roth ({tax} tax)","{amount} convertidos a Roth ({tax} de impuestos)",""
"runner.tax.irmaa","app.js (Scenario runner)","{amount} Medicare IRMAA surcharge (from {year} income)","{amount} de recargo IRMAA de Medicare (por los ingresos de {year})",""
"runner.table.year","app.js (Scenario runner)","Year","Año",""
"runner.table.withdrawal","app.js (Scenario runner)","Withdrawal","Retiro",""
"runner.table.taxes","app.js (Scenario runner)","Taxes","Impuestos",""
"runner.table.return","app.js (Scenario runner)","Return","Rendimiento",""
"runner.table.totalBalance","app.js (Scenario runner)","Total Balance","Saldo total",""
"runner.table.run","app.js (Scenario runner)","Run","Simulación",""
"runner.table.endingBalance","app.js (Scenario runner)","Ending Balance","Saldo final",""
"runner.table.lowestBalance","app.js (Scenario runner)","Lowest Balance","Saldo más bajo",""
"runner.table.avgReturn","app.js (Scenario runner)","Avg Annual Return","Rendimiento anual promedio",""
"runner.table.avgTaxRate","app.js (Scenario runner)","Avg Tax Rate","Tasa de impuestos promedio",""
"runner.table.highestReturn","app.js (Scenario runner)","Highest Return","Mayor rendimiento",""
"runner.table.lowestReturn","app.js (Scenario runner)","Lowest Return","Menor rendimiento",""
"runner.table.failureYear","app.js (Scenario runner)","Failure Year","Año del fracaso",""
"runner.run.failed","app.js (Scenario runner)","ran out of money in year {year}","se quedó sin dinero en el año {year}",""
"runner.run.lowest","app.js (Scenario runner)","{amount} in year {year}","{amount} en el año {year}",""
"runner.run.yearRate","app.js (Scenario runner)","Year {year} ({rate})","Año {year} ({rate})",""
"runner.accounts","app.js (Scenario runner)","Accounts drawn in the {order} order, with {conversions}{funding}{picked}","Las cuentas se usan en el orden {order}, con {conversions}{funding}{picked}",""
"runner.funding","app.js (Scenario runner)",", their tax {how}",", con su impuesto {how}",""
"runner.pickedBest","app.js (Scenario runner)"," &mdash; the best combination for your inputs, chosen by the app"," &mdash; la mejor combinación para sus datos, elegida por la aplicación",""
"runner.pickedApp","app.js (Scenario runner)"," &mdash; chosen by the app"," &mdash; elegido por la aplicación",""
"runner.irmaaLine","app.js (Scenario runner)","Average lifetime Medicare IRMAA surcharges: {amount} per run (paid on top of spending, not counted as tax)","Recargos IRMAA de Medicare promedio de por vida: {amount} por simulación (pagados además del gasto, no se cuentan como impuestos)",""
"runner.lifetimeTax","app.js (Scenario runner)","Average lifetime tax paid: {amount} per run (ordinary + capital gains, incl. Roth conversions{through})","Impuestos promedio pagados de por vida: {amount} por simulación (ordinarios + ganancias de capital, incl. conversiones a Roth{through})",""
"runner.lifetimeTax.through","app.js (Scenario runner)",", through the year a run ran out",", hasta el año en que una simulación se quedó sin dinero",""
"runner.scenarioLine","app.js (Scenario runner)","Scenario: {description} &mdash; Initial mean: {mean}, Initial std dev: {stdDev}","Escenario: {description} &mdash; Media inicial: {mean}, desv. est. inicial: {stdDev}",""
"runner.failedCount","app.js (Scenario runner)","{failed} of {total} portfolios did not survive {years} years.","{failed} de {total} carteras no duraron {years} años.",""
"runner.survivalRate","app.js (Scenario runner)","Survival rate: {rate}","Tasa de supervivencia: {rate}",""
"runner.realized","app.js (Scenario runner)","Actual realized average return: {mean} with std dev {stdDev}","Rendimiento promedio realizado: {mean} con desv. est. de {stdDev}",""
"runner.inheritance","app.js (Scenario runner)","Inheritance of {amount} in {year} was considered","Se consideró una herencia de {amount} en {year}",""
"runner.avgFailure","app.js (Scenario runner)","Average year of failure: {year}, with an average return of {rate}","Año promedio del fracaso: {year}, con un rendimiento promedio de {rate}",""
"runner.allSurvived","app.js (Scenario runner)","All scenarios survived!","¡Todos los escenarios sobrevivieron!",""
"runner.avgBalance","app.js (Scenario runner)","Average balance remaining: {amount}","Saldo promedio restante: {amount}",""
"runner.trace.year","app.js (Scenario runner)","Year {year}","Año {year}",""
"runner.trace.rate","app.js (Scenario runner)","Rate of return: {rate}","Tasa de rendimiento: {rate}",""
"runner.trace.withdrawal","app.js (Scenario runner)","withdrawal: {total} (taxable {taxable}, brokerage {brokerage}, roth {roth})","retiro: {total} (con impuestos diferidos {taxable}, corretaje {brokerage}, roth {roth})",""
"runner.trace.taxRate","app.js (Scenario runner)","tax rate: {rate}","tasa de impuestos: {rate}",""
"runner.trace.balance","app.js (Scenario runner)","bal: {total} (tax {taxable}, brokerage {brokerage}, roth {roth})","saldo: {total} (con impuestos diferidos {taxable}, corretaje {brokerage}, roth {roth})",""
"runner.detail.failed","app.js (Scenario runner)","Show year-by-year detail for failed runs","Mostrar el detalle año por año de las simulaciones fallidas",""
"runner.detail.lastSuccess","app.js (Scenario runner)","Show year-by-year detail for the last successful run","Mostrar el detalle año por año de la última simulación exitosa",""
"runner.running","app.js (Scenario runner)","Running simulation&hellip;","Ejecutando la simulación&hellip;",""
"runner.handoff","app.js (Scenario runner)","Loaded from the Optimal page: <strong>{scenario}</strong>, Social Security at {age}, <strong>{amount}/month</strong> &mdash; the spend that survived 82.5% of its simulated markets. This run uses {iterations} new random markets, so its survival rate will be close to, not exactly, 82.5%. It also re-picks the withdrawal order and conversion line for these inputs.","Cargado desde la página del optimizador: <strong>{scenario}</strong>, Seguro Social a los {age} años, <strong>{amount}/mes</strong> &mdash; el gasto que sobrevivió en el 82.5% de sus mercados simulados. Esta simulación usa {iterations} mercados aleatorios nuevos, así que su tasa de supervivencia será cercana al 82.5%, no exacta. También vuelve a elegir el orden de retiro y la línea de conversión para estos datos.",""
"flyout.asking","app.js (Scenario runner)","Asking the agent to create the story&hellip;","Pidiendo al agente que cree la historia&hellip;",""
"flyout.created","app.js (Scenario runner)","Created {link} in Jira and sent it to the agent, which opens a pull request for review.","Se creó {link} en Jira y se envió al agente, que abre una solicitud de incorporación de cambios (pull request) para revisión.",""
"flyout.whatAgentDid","app.js (Scenario runner)","What the agent did","Lo que hizo el agente",""
"flyout.forcedTool","app.js (Scenario runner)","The agent was forced to call one tool, <code>create_jira_story</code>, with these arguments:","El agente tuvo que llamar a una sola herramienta, <code>create_jira_story</code>, con estos argumentos:",""
"flyout.verdict.corrected","app.js (Scenario runner)","Server verification rebuilt the fields — the agent's draft did not match the required format exactly.","La verificación del servidor reconstruyó los campos — el borrador del agente no coincidía exactamente con el formato requerido.",""
"flyout.verdict.passed","app.js (Scenario runner)","Server verification passed — the agent's draft matched the required format exactly.","La verificación del servidor fue correcta — el borrador del agente coincidía exactamente con el formato requerido.",""
"quota.changeRequests.blocked","app.js (Scenario runner)","You've used all {limit} change requests for this hour from this network. You can submit another at {clock} ({relative}).","Ya usó las {limit} solicitudes de cambio de esta hora desde esta red. Podrá enviar otra a las {clock} ({relative}).",""
"quota.changeRequests.remaining","app.js (Scenario runner)","{remaining} of {limit} change requests left this hour.","Quedan {remaining} de {limit} solicitudes de cambio en esta hora.",""
"quota.relative.soon","app.js (Scenario runner)","in less than a minute","en menos de un minuto",""
"quota.relative.minutes","app.js (Scenario runner)","in {minutes} min","en {minutes} min",""
"field.scenarioId","server messages and field names","Investment scenario","Escenario de inversión",""
"field.years","server messages and field names","Years money lasts","Años que debe durar el dinero",""
"field.iterations","server messages and field names","Iterations","Iteraciones",""
"field.withdrawal","server messages and field names","Monthly withdrawal","Retiro mensual",""
"field.birthdate","server messages and field names","Birthdate","Fecha de nacimiento",""
"field.retirementDate","server messages and field names","Retire On Date","Fecha de jubilación",""
"field.socialSecurityStartDate","server messages and field names","Social Security start","Inicio del Seguro Social",""
"field.socialSecurityMonthlyAmount","server messages and field names","Initial Social Security","Seguro Social inicial",""
"field.socialSecurity","server messages and field names","Social Security","Seguro Social",""
"field.annualStandardDeduction","server messages and field names","Standard deduction","Deducción estándar",""
"field.initialTaxableBalance","server messages and field names","Tax Deferred balance","Saldo con impuestos diferidos",""
"field.initialRothBasis","server messages and field names","Roth basis","Base de costo Roth",""
"field.initialRothUnrealizedGain","server messages and field names","Roth unrealized gains","Ganancias no realizadas Roth",""
"field.initialBrokerageBasis","server messages and field names","Brokerage basis","Base de costo de corretaje",""
"field.initialBrokerageUnrealizedGain","server messages and field names","Brokerage unrealized gains","Ganancias no realizadas de corretaje",""
"field.newMoney","server messages and field names","New money","Dinero nuevo",""
"field.yearNewMoney","server messages and field names","Year of new money","Año del dinero nuevo",""
"field.paths","server messages and field names","Simulated markets","Mercados simulados",""
"field.summary","server messages and field names","Summary","Resumen",""
"field.description","server messages and field names","Description","Descripción",""
"field.passphrase","server messages and field names","Passphrase","Frase de acceso",""
"field.request","server messages and field names","Request","Solicitud",""
"server.requestFailed","server messages and field names","The request failed.","La solicitud falló.",""
"server.selectScenario","server messages and field names","Select a valid investment scenario.","Seleccione un escenario de inversión válido.",""
"server.yearsPositive","server messages and field names","Years must be a positive integer.","Los años deben ser un número entero positivo.",""
"server.yearsRange","server messages and field names","Years must be between 1 and 100.","Los años deben estar entre 1 y 100.",""
"server.iterationsPositive","server messages and field names","Iterations must be a positive integer.","Las iteraciones deben ser un número entero positivo.",""
"server.withdrawalNonNegative","server messages and field names","Withdrawal must be non-negative.","El retiro no puede ser negativo.",""
"server.birthdate","server messages and field names","Birthdate must be a valid date in the past.","La fecha de nacimiento debe ser una fecha válida en el pasado.",""
"server.retirementDate","server messages and field names","Retire On Date must be after your birthdate, no earlier than {year}, and before age 100.","La fecha de jubilación debe ser posterior a su fecha de nacimiento, no antes de {year} y antes de los 100 años.",""
"server.socialSecurityStart","server messages and field names","Social Security can start between ages 62 and 70.","El Seguro Social puede empezar entre los 62 y los 70 años.",""
"server.taxableNonNegative","server messages and field names","Initial taxable balance must be non-negative.","El saldo inicial con impuestos diferidos no puede ser negativo.",""
"server.rothBasisNonNegative","server messages and field names","Initial Roth basis must be non-negative.","La base de costo Roth inicial no puede ser negativa.",""
"server.rothGainNonNegative","server messages and field names","Initial Roth unrealized gain must be non-negative.","Las ganancias no realizadas Roth iniciales no pueden ser negativas.",""
"server.brokerageBasisNonNegative","server messages and field names","Initial Brokerage basis must be non-negative.","La base de costo de corretaje inicial no puede ser negativa.",""
"server.brokerageGainNonNegative","server messages and field names","Initial Brokerage unrealized gain must be non-negative.","Las ganancias no realizadas de corretaje iniciales no pueden ser negativas.",""
"server.newMoneyNonNegative","server messages and field names","New money must be non-negative.","El dinero nuevo no puede ser negativo.",""
"server.yearNewMoneyNonNegative","server messages and field names","Year of new money must be non-negative.","El año del dinero nuevo no puede ser negativo.",""
"server.nonNegative","server messages and field names","Must be non-negative.","No puede ser negativo.",""
"server.socialSecurityNonNegative","server messages and field names","Social Security amounts must be non-negative.","Los montos del Seguro Social no pueden ser negativos.",""
"server.socialSecurityIncreasing","server messages and field names","Social Security amounts should increase with age: 62 <= 67 <= 70.","Los montos del Seguro Social deben aumentar con la edad: 62 <= 67 <= 70.",""
"server.paths","server messages and field names","Simulated markets must be one of {choices}.","Los mercados simulados deben ser uno de estos valores: {choices}.",""
"server.summaryRequired","server messages and field names","Summary is required.","El resumen es obligatorio.",""
"server.summaryLength","server messages and field names","Summary must be {max} characters or fewer.","El resumen debe tener {max} caracteres o menos.",""
"server.descriptionRequired","server messages and field names","Description is required.","La descripción es obligatoria.",""
"server.descriptionLength","server messages and field names","Description must be {max} characters or fewer.","La descripción debe tener {max} caracteres o menos.",""
"server.passphraseRequired","server messages and field names","Passphrase is required.","La frase de acceso es obligatoria.",""
"server.incorrectPassphrase","server messages and field names","Incorrect passphrase.","Frase de acceso incorrecta.",""
"server.notConfigured","server messages and field names","Change requests are not configured on this server.","Las solicitudes de cambio no están configuradas en este servidor.",""
"server.changeRequestFailed","server messages and field names","The change request could not be completed. Please try again.","No se pudo completar la solicitud de cambio. Inténtelo de nuevo.",""
"server.tooManyChangeRequests","server messages and field names","Too many change requests from this address.","Demasiadas solicitudes de cambio desde esta dirección.",""
